"bis11_survey.Attentional","BIS-11 Attentional"
"bis11_survey.Motor","BIS-11 Motor"
"bis11_survey.Nonplanning","BIS-11 Nonplanning"
"bis_bas_survey.BAS_drive","BIS/BAS Drive"
"bis_bas_survey.BAS_fun_seeking","BIS/BAS Fun-Seeking"
"bis_bas_survey.BAS_reward_responsiveness","BIS/BAS Reward Responsiveness"
"bis_bas_survey.BIS","BIS/BAS BIS"
"brief_self_control_survey.self_control","Brief Self-Control Scale"
"dickman_survey.dysfunctional","Dickman's Dysfunctional Impulsivity"
"dickman_survey.functional","Dickman's Functional Impulsivity"
"dospert_eb_survey.ethical","DOSPERT Expected Benefits Ethical"
"dospert_eb_survey.financial","DOSPERT Expected Benefits Financial"
"dospert_eb_survey.health_safety","DOSPERT Expected Benefits Health/Safety"
"dospert_eb_survey.recreational","DOSPERT Expected Benefits Recreational"
"dospert_eb_survey.social","DOSPERT Expected Benefits Social"
"dospert_rp_survey.ethical","DOSPERT Risk Perception Ethical"
"dospert_rp_survey.financial","DOSPERT Risk Perception Financial"
"dospert_rp_survey.health_safety","DOSPERT Risk Perception Health/Safety"
"dospert_rp_survey.recreational","DOSPERT Risk Perception Recreational"
"dospert_rp_survey.social","DOSPERT Risk Perception Social"
"dospert_rt_survey.ethical","DOSPERT Risk-Taking Ethical"
"dospert_rt_survey.financial","DOSPERT Risk-Taking Financial"
"dospert_rt_survey.health_safety","DOSPERT Risk-Taking Health/Safety"
"dospert_rt_survey.recreational","DOSPERT Risk-Taking Recreational"
"dospert_rt_survey.social","DOSPERT Risk-Taking Social"
"eating_survey.cognitive_restraint","Three-Factor Eating Questionnaire Cognitive Restraint"
"eating_survey.emotional_eating","Three-Factor Eating Questionnaire Emotional Eating"
"eating_survey.uncontrolled_eating","Three-Factor Eating Questionnaire Uncontrolled Eating"
"erq_survey.reappraisal","Emotion Regulation Questionnaire Reappraisal"
"erq_survey.suppression","Emotion Regulation Questionnaire Suppression"
"five_facet_mindfulness_survey.act_with_awareness","FFMQ Acting with Awareness"
"five_facet_mindfulness_survey.describe","FFMQ Describing"
"five_facet_mindfulness_survey.nonjudge","FFMQ Non-Judging of Experience"
"five_facet_mindfulness_survey.nonreact","FFMQ Non-Reactivity to Experience"
"five_facet_mindfulness_survey.observe","FFMQ Observing"
"future_time_perspective_survey.future_time_perspective","Carstensen Future Time Perspective"
"grit_scale_survey.grit","Grit Scale"
"impulsive_venture_survey.impulsiveness","Eysenck I-7 Impulsiveness"
"impulsive_venture_survey.venturesomeness","Eysenck I-7 Venturesomeness"
"leisure_time_activity_survey.activity_level","Stanford Leisure Time Activities"
"mindful_attention_awareness_survey.mindfulness","Mindful Attention and Awareness Scale"
"mpq_control_survey.control","Multidimensional Personality Questionnaire Control"
"selection_optimization_compensation_survey.compensation","SOC Compensation"
"selection_optimization_compensation_survey.elective_selection","SOC Elective Selection"
"selection_optimization_compensation_survey.loss_based_selection","SOC Loss-Based Selection"
"selection_optimization_compensation_survey.optimization","SOC Optimization"
"self_regulation_survey.control","Short Self-Regulation Questionnaire"
"sensation_seeking_survey.boredom_susceptibility","SSS Boredom Susceptibility"
"sensation_seeking_survey.disinhibition","SSS Disinhibition"
"sensation_seeking_survey.experience_seeking","SSS Experience-Seeking"
"sensation_seeking_survey.thrill_adventure_seeking","SSS Thrill-Seeking"
"ten_item_personality_survey.agreeableness","TIPI Agreeableness"
"ten_item_personality_survey.conscientiousness","TIPI Conscientiousness"
"ten_item_personality_survey.emotional_stability","TIPI Emotional Stability"
"ten_item_personality_survey.extraversion","TIPI Extraversion"
"ten_item_personality_survey.openness","TIPI Openness to Experience"
"theories_of_willpower_survey.endorse_limited_resource","Theories of Willpower Scale"
"time_perspective_survey.past_negative","Zimbardo Time Perspective Inventory Past Negative"
"time_perspective_survey.past_positive","Zimbardo Time Perspective Inventory Past Positive"
"time_perspective_survey.present_fatalistic","Zimbardo Time Perspective Inventory Present Fatalistic"
"time_perspective_survey.present_hedonistic","Zimbardo Time Perspective Inventory Present Hedonistic"
"upps_impulsivity_survey.lack_of_perseverance","UPPS-P Lack of Perseverance"
"upps_impulsivity_survey.lack_of_premeditation","UPPS-P Lack of Premeditation"
"upps_impulsivity_survey.negative_urgency","UPPS-P Negative Urgency"
"upps_impulsivity_survey.positive_urgency","UPPS-P Positive Urgency"
"upps_impulsivity_survey.sensation_seeking","UPPS-P Sensation-Seeking"
"adaptive_n_back.hddm_drift","Adaptive N-Back HDDM Drift"
"adaptive_n_back.hddm_drift_load","Adaptive N-Back HDDM Drift Load"
"adaptive_n_back.hddm_non_decision","Adaptive N-Back HDDM Non-Decision"
"adaptive_n_back.hddm_thresh","Adaptive N-Back HDDM Threshold"
"adaptive_n_back.mean_load","Adaptive N-Back Mean Load"
"angling_risk_task_always_sunny.keep_adjusted_clicks","Angling Risk Task Keep Adjusted Clicks"
"angling_risk_task_always_sunny.keep_coef_of_variation","Angling Risk Task Keep Coefficient of Variation"
"angling_risk_task_always_sunny.keep_score","Angling Risk Task Keep Score"
"angling_risk_task_always_sunny.release_adjusted_clicks","Angling Risk Task Release Adjusted Clicks"
"angling_risk_task_always_sunny.release_coef_of_variation","Angling Risk Task Release Coefficient of Variation"
"angling_risk_task_always_sunny.release_score","Angling Risk Task Release Score"
"attention_network_task.alerting_hddm_drift","Attention Network Task Alerting HDDM Drift"
"attention_network_task.conflict_hddm_drift","Attention Network Task Conflict HDDM Drift"
"attention_network_task.hddm_drift","Attention Network Task HDDM Drift"
"attention_network_task.hddm_non_decision","Attention Network Task HDDM Non-Decision"
"attention_network_task.hddm_thresh","Attention Network Task HDDM Threshold"
"attention_network_task.orienting_hddm_drift","Attention Network Task Orienting HDDM Drift"
"bickel_titrator.hyp_discount_rate_large","Bickel Titrator Discount Rate Large"
"bickel_titrator.hyp_discount_rate_medium","Bickel Titrator Discount Rate Medium"
"bickel_titrator.hyp_discount_rate_small","Bickel Titrator Discount Rate Small"
"choice_reaction_time.hddm_drift","Choice Reaction Time HDDM Drift"
"choice_reaction_time.hddm_non_decision","Choice Reaction Time HDDM Non-Decision"
"choice_reaction_time.hddm_thresh","Choice Reaction Time HDDM Threshold"
"cognitive_reflection_survey.correct_proportion","Cognitive Reflection Task Correct Proportion"
"cognitive_reflection_survey.intuitive_proportion","Cognitive Reflection Task Intuitive Proportion"
"columbia_card_task_cold.avg_cards_chosen","Columbia Card Task Cold Average Cards Chosen"
"columbia_card_task_cold.gain_sensitivity","Columbia Card Task Cold Gain Sensitivity"
"columbia_card_task_cold.information_use","Columbia Card Task Cold Information Use"
"columbia_card_task_cold.loss_sensitivity","Columbia Card Task Cold Loss Sensitivity"
"columbia_card_task_cold.probability_sensitivity","Columbia Card Task Cold Probability Sensitivity"
"columbia_card_task_hot.avg_cards_chosen","Columbia Card Task Hot Average Cards Chosen"
"columbia_card_task_hot.gain_sensitivity","Columbia Card Task Hot Gain Sensitivity"
"columbia_card_task_hot.information_use","Columbia Card Task Hot Information Use"
"columbia_card_task_hot.loss_sensitivity","Columbia Card Task Hot Loss Sensitivity"
"columbia_card_task_hot.probability_sensitivity","Columbia Card Task Hot Probability Sensitivity"
"dietary_decision.health_sensitivity","Dietary Decision Task Health Sensitivity"
"dietary_decision.taste_sensitivity","Dietary Decision Task Taste Sensitivity"
"digit_span.forward_span","Digit Span Forward Span"
"digit_span.reverse_span","Digit Span Reverse Span"
"directed_forgetting.hddm_drift","Directed Forgetting HDDM Drift"
"directed_forgetting.hddm_non_decision","Directed Forgetting HDDM Non-Decision"
"directed_forgetting.hddm_thresh","Directed Forgetting HDDM Threshold"
"directed_forgetting.proactive_interference_hddm_drift","Directed Forgetting Proactive Interference HDDM Drift"
"discount_titrate.percent_patient","Discount Titrator Percent Patient"
"dot_pattern_expectancy.AY.BY_hddm_drift","Dot Pattern Expectancy AY.BY HDDM Drift"
"dot_pattern_expectancy.BX.BY_hddm_drift","Dot Pattern Expectancy BX.BY HDDM Drift"
"dot_pattern_expectancy.bias","Dot Pattern Expectancy Bias"
"dot_pattern_expectancy.dprime","Dot Pattern Expectancy d'"
"dot_pattern_expectancy.hddm_drift","Dot Pattern Expectancy HDDM Drift"
"dot_pattern_expectancy.hddm_non_decision","Dot Pattern Expectancy HDDM Non-Decision"
"dot_pattern_expectancy.hddm_thresh","Dot Pattern Expectancy HDDM Threshold"
"go_nogo.bias","Go-No Go Bias"
"go_nogo.dprime","Go-No Go d'"
"hierarchical_rule.score","Hierarchical Learning Task Score"
"holt_laury_survey.beta","Holt & Laury Beta"
"holt_laury_survey.prob_weighting","Holt & Laury Probability Weighting"
"holt_laury_survey.risk_aversion","Holt & Laury Risk Aversion"
"holt_laury_survey.safe_choices","Holt & Laury Safe Choices"
"information_sampling_task.Decreasing_Win_P_correct","Information Sampling Task Decreasing Win Probability Correct"
"information_sampling_task.Decreasing_Win_motivation","Information Sampling Task Decreasing Win Motivation"
"information_sampling_task.Fixed_Win_P_correct","Information Sampling Task Fixed Win Probability Correct"
"information_sampling_task.Fixed_Win_motivation","Information Sampling Task Fixed Win Motivation"
"keep_track.score","Keep Track Task Score"
"kirby.hyp_discount_rate_large","Kirby Discount Rate Large"
"kirby.hyp_discount_rate_medium","Kirby Discount Rate Medium"
"kirby.hyp_discount_rate_small","Kirby Discount Rate Small"
"kirby.percent_patient","Kirby Percent Patient"
"kirby.percent_patient_large","Kirby Percent Patient Large"
"kirby.percent_patient_medium","Kirby Percent Patient Medium"
"kirby.percent_patient_small","Kirby Percent Patient Small"
"local_global_letter.conflict_hddm_drift","Local-Global Letter Task HDDM Drift Conflict"
"local_global_letter.global_bias_hddm_drift","Local-Global Letter Task HDDM Drift Global Bias"
"local_global_letter.hddm_drift","Local-Global Letter Task HDDM Drift"
"local_global_letter.hddm_non_decision","Local-Global Letter Task HDDM Non-Decision"
"local_global_letter.hddm_thresh","Local-Global Letter Task HDDM Threshold"
"local_global_letter.switch_cost_hddm_drift","Local-Global Letter Task HDDM Drift Switch Cost"
"motor_selective_stop_signal.SSRT","Motor Selective Stop Signal Reaction Time"
"motor_selective_stop_signal.hddm_drift","Motor Selective Stop Signal HDDM Drift"
"motor_selective_stop_signal.hddm_non_decision","Motor Selective Stop Signal HDDM Non-Decision"
"motor_selective_stop_signal.hddm_thresh","Motor Selective Stop Signal HDDM Threshold"
"motor_selective_stop_signal.proactive_control_hddm_drift","Motor Selective Stop Signal Proactive Control HDDM Drift"
"motor_selective_stop_signal.reactive_control_hddm_drift","Motor Selective Stop Signal Reactive Control HDDM Drift"
"probabilistic_selection.positive_learning_bias","Probabilistic Selection Task Positive Learning Bias"
"probabilistic_selection.value_sensitivity","Probabilistic Selection Task Value Sensitivity"
"psychological_refractory_period_two_choices.PRP_slope","Psychological Refractory Period Slope"
"ravens.score","Raven Progressive Matrices"
"recent_probes.hddm_drift","Recent Probes HDDM Drift"
"recent_probes.hddm_non_decision","Recent Probes HDDM Non-Decision"
"recent_probes.hddm_thresh","Recent Probes HDDM Threshold"
"recent_probes.proactive_interference_hddm_drift","Recent Probes HDDM Drift Proactive Interference"
"shape_matching.hddm_drift","Shape Matching HDDM Drift"
"shape_matching.hddm_non_decision","Shape Matching HDDM Non-Decision"
"shape_matching.hddm_thresh","Shape Matching HDDM Threshold"
"shape_matching.stimulus_interference_hddm_drift","Shape Matching HDDM Drift Stimulus Interference"
"shift_task.acc","Shift Task Accuracy"
"shift_task.learning_rate","Shift Task Learning Rate"
"shift_task.learning_to_learn","Shift Task Learning to Learn"
"shift_task.model_beta","Shift Task Model Beta"
"shift_task.model_decay","Shift Task Model Decay"
"shift_task.model_learning_rate","Shift Task Model Learning Rate"
"simon.hddm_drift","Simon Task HDDM Drift"
"simon.hddm_non_decision","Simon Task HDDM Non-Decision"
"simon.hddm_thresh","Simon Task HDDM Threshold"
"simon.simon_hddm_drift","Simon Task HDDM Drift of Simon Effect"
"simple_reaction_time.avg_rt","Simple Reaction Time Average Reaction Time"
"spatial_span.forward_span","Spatial Span Forward Span"
"spatial_span.reverse_span","Spatial Span Reverse Span"
"stim_selective_stop_signal.SSRT","Stimulus Selective Stop Signal Reaction Time"
"stim_selective_stop_signal.hddm_drift","Stimulus Selective Stop Signal HDDM Drift"
"stim_selective_stop_signal.hddm_non_decision","Stimulus Selective Stop Signal HDDM Non-Decision"
"stim_selective_stop_signal.hddm_thresh","Stimulus Selective Stop Signal HDDM Threshold"
"stim_selective_stop_signal.reactive_control_hddm_drift","Stimulus Selective Stop Signal Reactive Control HDDM Drift"
"stop_signal.SSRT_high","Stop Signal Reaction Time High"
"stop_signal.SSRT_low","Stop Signal Reaction Time Low"
"stop_signal.hddm_drift","Stop Signal HDDM Drift"
"stop_signal.hddm_non_decision","Stop Signal HDDM Non-Decision"
"stop_signal.hddm_thresh","Stop Signal HDDM Threshold"
"stop_signal.proactive_SSRT_speeding","Stop Signal Proactive Reaction Time Speeding"
"stop_signal.proactive_slowing_hddm_drift","Stop Signal Proactive Reaction Time Slowing HDDM Drift"
"stop_signal.proactive_slowing_hddm_thresh","Stop Signal Proactive Reaction Time Slowing HDDM Threshold"
"stroop.hddm_drift","Stroop HDDM Drift"
"stroop.hddm_non_decision","Stroop HDDM Non-Decision"
"stroop.hddm_thresh","Stroop HDDM Threshold"
"stroop.stroop_hddm_drift","Stroop HDDM Drift of Stroop Effect"
"threebytwo.cue_switch_cost_hddm_drift","Three-By-Two HDDM Drift Cue Switch Cost"
"threebytwo.hddm_drift","Three-By-Two HDDM Drift"
"threebytwo.hddm_non_decision","Three-By-Two HDDM Non-Decision"
"threebytwo.hddm_thresh","Three-By-Two HDDM Threshold"
"threebytwo.task_switch_cost_hddm_drift","Three-By-Two HDDM Drift Task Switch Cost"
"tower_of_london.avg_move_time","Tower of London Average Move Time"
"tower_of_london.num_extra_moves","Tower of London Number of Extra Moves"
"tower_of_london.num_optimal_solutions","Tower of London Number of Optimal Solutions"
"tower_of_london.planning_time","Tower of London Planning Time"
"two_stage_decision.model_based","Two-Stage Decision Model-Based"
"two_stage_decision.model_free","Two-Stage Decision Model-Free"
"two_stage_decision.perseverance","Two-Stage Decision Perseverance"
"writing_task.neutral_probability","Writing Task Neutral Probability"
"writing_task.positive_probability","Writing Task Positive Probability"
"BMI","Body Mass Index"
"Nervous","K6 Nervous"
"Hopeless","K6 Hopeless"
"RestlessFidgety","K6 Restless/Fidgety"
"Depressed","K6 Depressed"
"EverythingIsEffort","K6 Everything an Effort"
"Worthless","K6 Worthless"
"CigsPerDay","Cigarettes Per Day"
"AlcoholHowManyDrinksDay","How Many Drinks When Drinking"
"AlcoholHowOften6Drinks","How Often 6+ Drinks"
"HowOftenCantStopDrinking","How Often Unable to Stop Drinking"
